<?xml version="1.0" encoding="UTF-8"?>
<library>
    <extension id="blackberry.bbm.platform">
	  <entryClass>blackberry.bbm.platform.BBMPlatformExtension</entryClass>
      <dependencies>
        <jar path="net_rim_bb_qm_platform.jar" />
      </dependencies>
    </extension>

    <platforms>
      <platform value="JAVA">
        <target version="default" config="JAVA_XHR" />
        <target version="5.0" config="JAVA_XHR_BlackBerry" />
      </platform>
    </platforms>

    <configurations>
      <configuration name="JAVA_XHR" version="1.0" comment="For XHR architecture for Java implementation">
        <src type="text/java" path="blackberry" comment="API implementation in JavaScript" />
      </configuration>
      <configuration name="JAVA_XHR_BlackBerry" version="1.0" comment="For XHR architecture for Java implementation for OS 5.0">
        <src type="text/java" path="blackberry" comment="API implementation in JavaScript" />
      </configuration>
    </configurations> 

    <features>
      <feature id="blackberry.bbm.platform" version="0.1" >Provides access to the BBM Social Platform.</feature>
    </features>
</library>
